chorki12,	Clothing (brand),	https://www.facebook.com/chorki12,	01864-598754,	1454 likes,	Wednesday 3 February 2021 at 20:48,	Tuesday 6 October 2020 at 05:06,	
mr.madbd,	Gift shop · Clothes shop,	https://www.facebook.com/mr.madbd,	,	5757 likes,	Sunday 31 January 2021 at 07:02,	Saturday 30 January 2021 at 10:00,	
clover1216,	Shopping & retail · Clothing (brand) · Product/service,	https://www.facebook.com/clover1216,	01537-180616,	15758 likes,	Tuesday 19 January 2021 at 04:52,	Tuesday 19 January 2021 at 05:41,	Monday 25 January 2021 at 05:06
twostargameshop00,	Product/service,	https://www.facebook.com/twostargameshop00,	01716-467447,	2195 likes,	Friday 5 February 2021 at 12:49,	Wednesday 6 January 2021 at 19:36,	
monipurikuthori,	Women's clothes shop,	https://www.facebook.com/monipurikuthori,	01883-127867,	2583 likes,	Friday 5 February 2021 at 23:13,	Sunday 31 January 2021 at 18:46,	
evermart.bd,	Shopping & retail,	https://www.facebook.com/evermart.bd,	01303-219566,	6496 likes,	Friday 15 January 2021 at 08:48,	Friday 15 January 2021 at 08:40,	Saturday 22 August 2020 at 22:42
munnablog,	Personal blog · Market Research Consultant · Public figure,	https://www.facebook.com/munnablog,	01998-149491,	803 likes,	Tuesday 1 December 2020 at 23:25,	Monday 9 November 2020 at 22:19,	
jamdanikabbo,	Clothing (brand),	https://www.facebook.com/jamdanikabbo,	01712-728284,	2011 likes,	Monday 1 February 2021 at 08:22,	Monday 1 February 2021 at 08:20,	
moriomtit,	Shopping & retail,	https://www.facebook.com/moriomtit,	,	535 likes,	Friday 9 October 2020 at 00:04,	Monday 28 September 2020 at 05:50,	
themarlin.bangladesh,	Clothing (brand) · Women's clothes shop,	https://www.facebook.com/themarlin.bangladesh,	01715-512212,	21393 likes,	,	,	
dcafe17,	Fast food restaurant · Coffee shop,	https://www.facebook.com/dcafe17,	01914-516649,	1633 likes,	Tuesday 2 February 2021 at 11:37,	Wednesday 27 January 2021 at 10:44,	
kohinurboutiqueshouse,	Clothing (brand) · Boutique shop · Women's clothes shop,	https://www.facebook.com/kohinurboutiqueshouse,	01976-181464,	5572 likes,	Thursday 4 February 2021 at 10:06,	Friday 16 October 2020 at 04:53,	
secret.signora,	Business service,	https://www.facebook.com/secret.signora,	,	15579 likes,	,	,	
RamishaForever,	Health/beauty,	https://www.facebook.com/RamishaForever,	01314-963597,	359 likes,	Saturday 12 September 2020 at 14:47,	Friday 28 August 2020 at 07:10,	
JannatArabianBorkaBazar,	Design & fashion · Fashion designer,	https://www.facebook.com/JannatArabianBorkaBazar,	01997-922240,	1460 likes,	Monday 10 August 2020 at 08:24,	Monday 16 March 2020 at 08:28,	
capitalbooks000,	Book shop · Office supplies · Office equipment shop,	https://www.facebook.com/capitalbooks000,	02-8411709,	1052 likes,	Sunday 24 January 2021 at 07:48,	Monday 14 September 2020 at 19:53,	
Henshel.Bari,	Food delivery service · Food service distributor,	https://www.facebook.com/Henshel.Bari,	01715-916923,	3438 likes,	Friday 5 February 2021 at 08:58,	Tuesday 5 January 2021 at 23:08,	
smartgadget0,	Product/service · Phone/tablet · Accessories,	https://www.facebook.com/smartgadget0,	01937-998082,	4349 likes,	Tuesday 19 January 2021 at 01:46,	Tuesday 19 January 2021 at 01:14,	
mangovalleychp,	Food delivery service · Fruit & vegetable shop,	https://www.facebook.com/mangovalleychp,	01860-209652,	485 likes,	Thursday 13 August 2020 at 23:02,	Friday 17 July 2020 at 11:46,	
brand.anzum,	Jewellery/watches · Business service,	https://www.facebook.com/brand.anzum,	01789-876792,	240426 likes,	Friday 5 February 2021 at 22:02,	Friday 9 October 2020 at 10:40,	
diamondtopupgarena,	Games/toys,	https://www.facebook.com/diamondtopupgarena,	01739-728360,	3245 likes,	Friday 15 January 2021 at 22:17,	Tuesday 3 November 2020 at 18:08,	
extrahealthcare,	Product/service,	https://www.facebook.com/extrahealthcare,	01722-776121,	379 likes,	Wednesday 13 January 2021 at 09:45,	Monday 11 January 2021 at 20:03,	Friday 2 October 2020 at 10:51
Marcarii.com.bd,	Shopping & retail · Beauty, cosmetic & personal care,	https://www.facebook.com/Marcarii.com.bd,	01815-614891,	1467 likes,	Thursday 4 February 2021 at 01:00,	,	
oitijhofashion,	Arts and crafts shop · Jewellery/watches,	https://www.facebook.com/oitijhofashion,	01921-112011,	5692 likes,	Monday 1 February 2021 at 08:33,	Saturday 23 January 2021 at 05:03,	
DresserbyOritri,	Clothing (brand) · Shopping & retail · Design & fashion,	https://www.facebook.com/DresserbyOritri,	,	21958 likes,	Thursday 21 January 2021 at 21:54,	Monday 4 January 2021 at 21:55,	
dressbazar17,	Clothing company · Clothing (brand) · Women's clothes shop,	https://www.facebook.com/dressbazar17,	01612-224447,	54946 likes,	Monday 4 January 2021 at 01:53,	Monday 4 January 2021 at 02:22,	
3yaarshop,	Shopping & retail,	https://www.facebook.com/3yaarshop,	,	160 likes,	Sunday 24 January 2021 at 09:10,	Tuesday 26 January 2021 at 06:02,	
abir.fashion785,	Clothes shop,	https://www.facebook.com/abir.fashion785,	01946-761455,	6287 likes,	Saturday 5 December 2020 at 23:32,	Saturday 1 August 2020 at 01:24,	
dhakalunch,	Food delivery service · Caterer · Health Food Shop,	https://www.facebook.com/dhakalunch,	01744-602388,	11812 likes,	Wednesday 3 February 2021 at 21:44,	Wednesday 3 February 2021 at 04:20,	
aambaganrajhshahi,	Product/service · Fruit & vegetable shop,	https://www.facebook.com/aambaganrajhshahi,	01839-946226,	1345 likes,	Sunday 5 July 2020 at 09:29,	Monday 29 June 2020 at 08:28,	
imagicbangladesh,	Product/service,	https://www.facebook.com/imagicbangladesh,	,	6397 likes,	Wednesday 23 December 2020 at 04:15,	Wednesday 16 December 2020 at 19:07,	
arshicollection01,	Clothing (brand),	https://www.facebook.com/arshicollection01,	,	5048 likes,	,	,	
evaenterprise20,	Electronics,	https://www.facebook.com/evaenterprise20,	01311-925436,	3375 likes,	,	,	
JamdaniVillage,	Clothing (brand) · Women's clothes shop · Business service,	https://www.facebook.com/JamdaniVillage,	01798-863314,	7947 likes,	,	,	
dksriwaaj,	Clothing (brand) · Design & fashion,	https://www.facebook.com/dksriwaaj,	01317-247523,	827 likes,	Sunday 17 January 2021 at 05:25,	Wednesday 16 December 2020 at 02:01,	
maagraphicsbd,	Printing service,	https://www.facebook.com/maagraphicsbd,	01839-224667,	852 likes,	Saturday 16 January 2021 at 04:56,	Saturday 16 January 2021 at 10:41,	
rijvia.tajin,	Business service,	https://www.facebook.com/rijvia.tajin,	01685-163298,	457 likes,	Sunday 24 January 2021 at 04:58,	Monday 4 January 2021 at 06:36,	
sotejfruits,	Fruit & vegetable shop,	https://www.facebook.com/sotejfruits,	01873-928638,	26602 likes,	Thursday 31 December 2020 at 10:51,	Friday 4 December 2020 at 21:57,	
akterkonashimontini,	Women's clothes shop,	https://www.facebook.com/akterkonashimontini,	01716-638907,	1991 likes,	Friday 5 February 2021 at 12:51,	Friday 5 February 2021 at 03:06,	
adina01977166776,	Speciality food shop · Big box retailer · Product/service,	https://www.facebook.com/adina01977166776,	01977-166776,	202 likes,	Saturday 29 August 2020 at 06:29,	Saturday 8 August 2020 at 06:27,	Thursday 16 July 2020 at 21:59
salmahoque99,	Clothing (brand),	https://www.facebook.com/salmahoque99,	01645-154099,	5771 likes,	Friday 5 February 2021 at 09:50,	Friday 5 February 2021 at 22:29,	
bdayath,	Clothing (brand) · Clothes shop · Clothing company,	https://www.facebook.com/bdayath,	01811-010155,	164 likes,	Sunday 27 December 2020 at 23:57,	Friday 20 November 2020 at 08:58,	
DortheeBD,	Shopping & retail,	https://www.facebook.com/DortheeBD,	01743-460648,	485 likes,	Friday 15 January 2021 at 02:39,	Saturday 28 November 2020 at 06:01,	
shahariarhyme,	Local business,	https://www.facebook.com/shahariarhyme,	01718-130898,	10626 likes,	Tuesday 17 November 2020 at 11:46,	Friday 16 October 2020 at 06:52,	
TGS3622,	Shopping & retail · Business service,	https://www.facebook.com/TGS3622,	01613-053320,	6528 likes,	Wednesday 3 February 2021 at 07:59,	Wednesday 9 September 2020 at 08:51,	
sneakford,	Product/service,	https://www.facebook.com/sneakford,	01629-111359,	253 likes,	Saturday 26 December 2020 at 10:04,	Tuesday 10 November 2020 at 02:37,	
LaBellaFamilia,	Shopping & retail · Home decor · Product/service,	https://www.facebook.com/LaBellaFamilia,	01782-767748,	892 likes,	Saturday 23 January 2021 at 03:18,	Saturday 23 January 2021 at 03:17,	Wednesday 30 September 2020 at 04:49
Lasuperbaisrat,	Women's clothes shop · Clothing (brand) · Design & fashion,	https://www.facebook.com/Lasuperbaisrat,	01718-728351,	100831 likes,	,	,	
redbd01,	Beauty, cosmetic & personal care · Women's clothes shop,	https://www.facebook.com/redbd01,	01818-659465,	1324 likes,	Thursday 31 December 2020 at 11:11,	Saturday 12 December 2020 at 01:06,	
themuslimfashion,	Shopping & retail · Product/service,	https://www.facebook.com/themuslimfashion,	01991-004000,	50229 likes,	Thursday 18 June 2020 at 14:07,	Monday 1 June 2020 at 09:05,	
eGameDokan,	Product/service,	https://www.facebook.com/eGameDokan,	,	10819 likes,	Wednesday 13 January 2021 at 21:05,	Wednesday 4 November 2020 at 09:41,	
23sheen,	Jewellery/watches,	https://www.facebook.com/23sheen,	,	14512 likes,	Wednesday 3 February 2021 at 10:28,	Thursday 4 February 2021 at 00:01,	Sunday 3 January 2021 at 00:13
choruibh,	Clothing (brand) · Women's clothes shop,	https://www.facebook.com/choruibh,	01721-195210,	901 likes,	Wednesday 29 July 2020 at 20:59,	Saturday 4 July 2020 at 04:59,	
aambepari,	Shopping & retail · Product/service · Food delivery service,	https://www.facebook.com/aambepari,	01796-021795,	2783 likes,	Thursday 28 January 2021 at 07:41,	Friday 11 December 2020 at 06:27,	
rainbowboutiquebd,	Clothing (brand) · Boutique shop,	https://www.facebook.com/rainbowboutiquebd,	,	4328 likes,	,	,	
eatnjoybd,	Restaurant,	https://www.facebook.com/eatnjoybd,	01734-012626,	380 likes,	Wednesday 11 November 2020 at 18:58,	Saturday 31 October 2020 at 03:43,	
dreambluebirdfashion,	Design & fashion,	https://www.facebook.com/dreambluebirdfashion,	01878-544668,	30067 likes,	Wednesday 3 February 2021 at 04:46,	Monday 1 February 2021 at 04:43,	
Blueloft.BD,	Shopping & retail · Clothing (brand),	https://www.facebook.com/Blueloft.BD,	,	2231 likes,	Wednesday 27 January 2021 at 07:24,	Wednesday 27 January 2021 at 06:01,	Friday 11 December 2020 at 01:36
habibecoagrosolutions,	Local business,	https://www.facebook.com/habibecoagrosolutions,	01749-809060,	759 likes,	Friday 31 July 2020 at 09:48,	Thursday 20 June 2019 at 22:04,	
kdnaonlineshop,	Apparel & clothing,	https://www.facebook.com/kdnaonlineshop,	01725-678950,	49739 likes,	Wednesday 18 November 2020 at 23:41,	Tuesday 17 November 2020 at 19:38,	
FlowWithFashion,	Clothing (brand),	https://www.facebook.com/FlowWithFashion,	01626-001656,	440 likes,	Wednesday 6 January 2021 at 00:27,	Thursday 24 September 2020 at 00:27,	
Raeekshop,	Product/service · E-commerce website,	https://www.facebook.com/Raeekshop,	01870-904060,	54748 likes,	,	,	
amerrajdhanichapai,	App Page · Farmers market,	https://www.facebook.com/amerrajdhanichapai,	01317-928291,	1849 likes,	Saturday 20 June 2020 at 02:44,	Thursday 11 June 2020 at 05:12,	
abrarfashionhouserangamati,	Clothing (brand) · Shopping & retail,	https://www.facebook.com/abrarfashionhouserangamati,	01828-812495,	1672 likes,	Friday 5 February 2021 at 21:57,	Thursday 3 December 2020 at 01:04,	
yellothes,	Clothes shop · Bags/luggage · Jewellery/watches,	https://www.facebook.com/yellothes,	01679-338977,	242 likes,	,	,	
Shammiakters185,	Women's clothes shop,	https://www.facebook.com/Shammiakters185,	01799-118818,	682 likes,	Friday 5 February 2021 at 05:24,	Friday 5 February 2021 at 22:10,	
Mascobazarcom,	E-commerce website,	https://www.facebook.com/Mascobazarcom,	,	17170 likes,	Friday 5 February 2021 at 05:21,	Friday 5 February 2021 at 07:06,	
urbantouch.brand,	Clothing (brand) · Product/service · Shopping & retail,	https://www.facebook.com/urbantouch.brand,	01818-344504,	342 likes,	Tuesday 2 February 2021 at 02:41,	Tuesday 2 February 2021 at 02:37,	
mjgallerybd,	Design & fashion · Women's clothes shop,	https://www.facebook.com/mjgallerybd,	01911-965834,	23232 likes,	,	,	
RajshahiEShoop,	Agricultural service · Agricultural cooperative · Marketing agency,	https://www.facebook.com/RajshahiEShoop,	01786-438068,	15676 likes,	Friday 5 February 2021 at 21:52,	Tuesday 26 January 2021 at 23:40,	
rubinas.dream,	Apparel & clothing,	https://www.facebook.com/rubinas.dream,	01614-899771,	22728 likes,	Friday 5 February 2021 at 11:59,	Wednesday 13 January 2021 at 07:23,	
spstyleshop.bd,	Shopping & retail,	https://www.facebook.com/spstyleshop.bd,	01924-810088,	55835 likes,	Friday 1 January 2021 at 18:31,	Thursday 31 December 2020 at 08:29,	
FNF.BUY,	Women's clothes shop · Clothing (brand),	https://www.facebook.com/FNF.BUY,	01968-176756,	2574 likes,	Friday 5 February 2021 at 04:26,	Wednesday 27 January 2021 at 06:28,	
elitestylebd,	Women's clothes shop · Boutique shop,	https://www.facebook.com/elitestylebd,	01977-308118,	60274 likes,	Friday 5 February 2021 at 22:51,	Wednesday 3 February 2021 at 10:31,	
sayefsharminonlinegirlsshop,	Women's clothes shop,	https://www.facebook.com/sayefsharminonlinegirlsshop,	01817-629649,	4143 likes,	Wednesday 3 February 2021 at 08:01,	Thursday 15 October 2020 at 06:15,	
mariafashion.closet,	Clothing (brand) · Women's clothes shop,	https://www.facebook.com/mariafashion.closet,	,	10446 likes,	Wednesday 22 July 2020 at 09:21,	Monday 20 July 2020 at 09:06,	
gamerstopupp,	Video games shop · Video game,	https://www.facebook.com/gamerstopupp,	Of Duty Cp 4- Mobile Legends,	1492 likes,	Tuesday 5 January 2021 at 13:40,	Sunday 20 December 2020 at 07:09,	
ranisoutfit,	Women's clothes shop · Design & fashion,	https://www.facebook.com/ranisoutfit,	01300-567720,	2058 likes,	Tuesday 2 February 2021 at 09:08,	Wednesday 3 February 2021 at 06:02,	
arshii.bd,	Product/service,	https://www.facebook.com/arshii.bd,	01709-164868,	146 likes,	Thursday 19 November 2020 at 08:36,	Thursday 19 November 2020 at 09:11,	
trendstalkerbd,	Women's clothes shop · Design & fashion · Baby & children's clothing store,	https://www.facebook.com/trendstalkerbd,	01777-066083,	21694 likes,	Friday 5 February 2021 at 04:45,	Friday 15 January 2021 at 04:00,	
choiceparkbd,	Women's clothes shop · Design & fashion,	https://www.facebook.com/choiceparkbd,	01884-693360,	248 likes,	Tuesday 26 January 2021 at 10:56,	Thursday 21 January 2021 at 00:47,	
snighdhasuitcase,	Art · Arts and crafts shop · Home decor,	https://www.facebook.com/snighdhasuitcase,	,	1038 likes,	Saturday 30 January 2021 at 09:21,	Friday 4 December 2020 at 08:57,	
mangomart.bd,	Fruit & vegetable shop · Gardener,	https://www.facebook.com/mangomart.bd,	01712-501941,	1900 likes,	Sunday 8 November 2020 at 14:40,	Friday 2 October 2020 at 15:32,	
trunkzbd,	Local business,	https://www.facebook.com/trunkzbd,	01682-448802,	3867 likes,	Tuesday 2 February 2021 at 11:45,	Sunday 31 January 2021 at 00:55,	
ruapkitchen2020,	Food and drink,	https://www.facebook.com/ruapkitchen2020,	01571-199063,	1319 likes,	Tuesday 2 February 2021 at 21:49,	Friday 29 January 2021 at 07:23,	
xeonitcorp,	Social media agency,	https://www.facebook.com/xeonitcorp,	01950-517203,	1247 likes,	Monday 2 November 2020 at 08:30,	Monday 2 November 2020 at 08:27,	
rakinlabel,	Company,	https://www.facebook.com/rakinlabel,	01533-154957,	2238 likes,	Tuesday 15 December 2020 at 11:02,	Tuesday 15 December 2020 at 11:01,	Saturday 11 April 2020 at 23:42
beyou007,	Product/service · Beauty, cosmetic & personal care,	https://www.facebook.com/beyou007,	01316421536,	237 likes,	Sunday 6 October 2019 at 09:32,	Wednesday 2 October 2019 at 11:33,	
tksaay,	Apparel & clothing,	https://www.facebook.com/tksaay,	01844-450898,	24957 likes,	Friday 5 February 2021 at 10:38,	Tuesday 10 November 2020 at 02:08,	
StyleMirrorByKaniz,	Women's clothes shop,	https://www.facebook.com/StyleMirrorByKaniz,	01886-444250,	5731 likes,	Tuesday 2 February 2021 at 06:51,	Wednesday 20 January 2021 at 10:17,	
Dinduniyalibrary,	Book shop,	https://www.facebook.com/Dinduniyalibrary,	01741-997779,	7109 likes,	Friday 5 February 2021 at 13:15,	Tuesday 2 February 2021 at 06:11,	
Rajshahifashionhouser,	Women's clothes shop,	https://www.facebook.com/Rajshahifashionhouser,	01707-070612,	136 likes,	Sunday 5 January 2020 at 01:51,	Wednesday 25 December 2019 at 01:30,	
watchvew,	Jewellery & watches shop,	https://www.facebook.com/watchvew,	01715-897664,	1138 likes,	Wednesday 27 January 2021 at 06:32,	Friday 22 January 2021 at 02:00,	
Somoyexclusive3,	Gift shop · Men's clothes shop · Women's clothes shop,	https://www.facebook.com/Somoyexclusive3,	01705-484261,	2903 likes,	Saturday 30 January 2021 at 04:43,	Wednesday 2 September 2020 at 03:43,	
realmeshowroom,	Mobile phone shop,	https://www.facebook.com/realmeshowroom,	01763-003003,	981 likes,	Monday 1 February 2021 at 04:42,	Tuesday 2 February 2021 at 21:18,	
GalmGlow,	Product/service · Women's clothes shop · Beauty salon,	https://www.facebook.com/GalmGlow,	01684-770772,	10533 likes,	Tuesday 26 January 2021 at 19:33,	Sunday 16 August 2020 at 20:00,	
5dreamers,	Clothing (brand) · Shopping service,	https://www.facebook.com/5dreamers,	01632-068274,	6109 likes,	Tuesday 26 January 2021 at 01:00,	Wednesday 6 January 2021 at 00:15,	
ngtechbd,	Software company,	https://www.facebook.com/ngtechbd,	01788-948024,	54824 likes,	Wednesday 16 December 2020 at 12:02,	Friday 22 November 2019 at 10:43,	
FamousFashionOriginal,	Clothing (brand) · Clothes shop · Design & fashion,	https://www.facebook.com/FamousFashionOriginal,	01874-390951,	1700 likes,	Sunday 27 December 2020 at 04:59,	Sunday 27 December 2020 at 03:54,	Tuesday 2 July 2019 at 04:08
ananattiresmart,	E-commerce website · Baby & children's clothing store,	https://www.facebook.com/ananattiresmart,	01752-970350,	5727 likes,	Thursday 14 January 2021 at 00:12,	Wednesday 20 January 2021 at 23:04,	
ABNHomeMadeFood,	,	https://www.facebook.com/ABNHomeMadeFood,	01312-937851,	428 likes,	,	,	
tanziazmart,	Shopping & retail,	https://www.facebook.com/tanziazmart,	,	837 likes,	Wednesday 3 February 2021 at 21:48,	Wednesday 3 February 2021 at 21:34,	
Mortyeropshori,	Design & fashion,	https://www.facebook.com/Mortyeropshori,	01815-106736,	52323 likes,	Friday 5 February 2021 at 19:21,	Thursday 13 February 2020 at 07:05,	
fangallerybd,	Electronics · Electronics shop · Electronics company,	https://www.facebook.com/fangallerybd,	01837-734563,	2293 likes,	,	,	
shitolfanpakistani,	Electronics company · Electronics shop · E-commerce website,	https://www.facebook.com/shitolfanpakistani,	01837-734563,	13759 likes,	,	,	
Girlsmetic03,	Beauty, cosmetic & personal care,	https://www.facebook.com/Girlsmetic03,	01971-855329,	6405 likes,	Sunday 27 September 2020 at 02:03,	Saturday 19 September 2020 at 04:02,	
SadiyaSillk,	Local business,	https://www.facebook.com/SadiyaSillk,	01837-665525,	5662 likes,	Friday 4 December 2020 at 21:40,	Thursday 3 December 2020 at 21:29,	
FreeFireDiamondTopUpFF,	Shopping & retail · Product/service · Business service,	https://www.facebook.com/FreeFireDiamondTopUpFF,	,	19492 likes,	Tuesday 2 February 2021 at 11:26,	Saturday 23 January 2021 at 20:59,	
FocallureDhaka,	Local service · Cosmetics shop · Beauty supply shop,	https://www.facebook.com/FocallureDhaka,	,	6458 likes,	Tuesday 23 July 2019 at 21:17,	Wednesday 22 May 2019 at 08:07,	Wednesday 22 May 2019 at 08:02
itshomedelivery,	At-home service,	https://www.facebook.com/itshomedelivery,	01720-998811,	3291 likes,	Wednesday 3 February 2021 at 01:39,	Monday 1 February 2021 at 02:22,	
FiestaWearbd,	Clothing (brand),	https://www.facebook.com/FiestaWearbd,	01313-488522,	2730 likes,	Saturday 30 January 2021 at 00:33,	Thursday 15 October 2020 at 07:43,	
anisa040818,	Product/service,	https://www.facebook.com/anisa040818,	01609-711734,	2710 likes,	Friday 29 January 2021 at 06:59,	Sunday 31 January 2021 at 06:42,	
GFCfansBD,	Home decor · Appliances · Electronics shop,	https://www.facebook.com/GFCfansBD,	01846-014923,	7255 likes,	Sunday 24 January 2021 at 22:18,	Monday 4 November 2019 at 06:47,	
gafasbangladesh,	Sunglasses & eyewear shop · Product/service,	https://www.facebook.com/gafasbangladesh,	01815-155425,	7237 likes,	Sunday 31 January 2021 at 04:05,	Saturday 14 November 2020 at 21:29,	
Nusayba.Fashion,	Women's clothes shop,	https://www.facebook.com/Nusayba.Fashion,	,	1517 likes,	Thursday 4 February 2021 at 23:39,	Wednesday 3 February 2021 at 11:39,	Monday 25 January 2021 at 11:55
TMNT069,	Shopping & retail,	https://www.facebook.com/TMNT069,	,	291 likes,	Thursday 4 February 2021 at 02:45,	Sunday 31 January 2021 at 22:06,	
AzureeLife,	E-commerce website,	https://www.facebook.com/AzureeLife,	01930-050505,	325807 likes,	Monday 28 December 2020 at 02:19,	Monday 28 December 2020 at 03:03,	
preetypetalsbyonna,	Clothing (brand) · Women's clothes shop · Beauty, cosmetic & personal care,	https://www.facebook.com/preetypetalsbyonna,	01867-589344,	1044 likes,	,	,	
shirinmomo2020,	Clothing (brand),	https://www.facebook.com/shirinmomo2020,	01883-899601,	3352 likes,	Friday 5 February 2021 at 07:14,	Friday 5 February 2021 at 09:11,	
arraywear06,	Clothing (brand) · Women's clothes shop · Design & fashion,	https://www.facebook.com/arraywear06,	01737-561290,	20195 likes,	Friday 5 February 2021 at 08:22,	Friday 29 January 2021 at 08:01,	
fahascollection2020,	Clothing (brand) · Product/service,	https://www.facebook.com/fahascollection2020,	,	247 likes,	Wednesday 13 January 2021 at 06:13,	Tuesday 22 December 2020 at 09:55,	
satkahonctg,	Product/service,	https://www.facebook.com/satkahonctg,	01404-520163,	1218 likes,	Friday 5 February 2021 at 05:15,	Monday 4 January 2021 at 05:42,	
HasnasCloset.BD,	Design & fashion,	https://www.facebook.com/HasnasCloset.BD,	01929-392057,	6427 likes,	Friday 5 February 2021 at 22:28,	Friday 5 February 2021 at 09:19,	
healthyandfreshfoodbd,	At-home service,	https://www.facebook.com/healthyandfreshfoodbd,	01977-225594,	2053 likes,	Saturday 30 January 2021 at 06:49,	Tuesday 26 January 2021 at 09:17,	
sarinaimportedkidsshop,	Product/service,	https://www.facebook.com/sarinaimportedkidsshop,	01798-073404,	14609 likes,	Thursday 4 February 2021 at 23:12,	Thursday 4 February 2021 at 11:10,	
ShahidaHaqueMotors,	Motorbike dealership · Product/service,	https://www.facebook.com/ShahidaHaqueMotors,	01712-415198,	479 likes,	Friday 5 February 2021 at 20:36,	Friday 5 February 2021 at 20:34,	
Nicenazmun,	Shopping & retail · Clothing (brand),	https://www.facebook.com/Nicenazmun,	01711-227129,	1359 likes,	Wednesday 3 February 2021 at 05:39,	Tuesday 2 February 2021 at 08:11,	
Gaonershaad,	Product/service,	https://www.facebook.com/Gaonershaad,	01714-109509,	1496 likes,	Thursday 3 December 2020 at 03:20,	Saturday 3 October 2020 at 03:50,	
dressemporium4070,	Women's clothes shop · Beauty shop · E-commerce website,	https://www.facebook.com/dressemporium4070,	01765-290018,	2006 likes,	Sunday 9 August 2020 at 12:59,	Thursday 20 August 2020 at 15:15,	
VALANCIASSECRET,	Women's clothes shop · Product/service · Lingerie & underwear shop,	https://www.facebook.com/VALANCIASSECRET,	01304-768916,	41781 likes,	Thursday 4 February 2021 at 05:21,	Tuesday 1 September 2020 at 00:37,	
itquans04,	Boutique shop,	https://www.facebook.com/itquans04,	,	1518 likes,	Wednesday 3 February 2021 at 07:51,	Sunday 24 January 2021 at 22:19,	
zest.hutt,	Sweet Shop · Shopping & retail,	https://www.facebook.com/zest.hutt,	,	352 likes,	Wednesday 25 November 2020 at 09:46,	Wednesday 25 November 2020 at 09:45,	
satrongsilverhouse07,	Jewellery & watches shop · Jewellery & watches company · Jewellery wholesaler,	https://www.facebook.com/satrongsilverhouse07,	01680-901354,	21637 likes,	Tuesday 12 January 2021 at 11:25,	Tuesday 5 January 2021 at 11:02,	
Luckygamingshopofficial,	Business service,	https://www.facebook.com/Luckygamingshopofficial,	01908025212,	7154 likes,	Tuesday 2 February 2021 at 11:12,	Saturday 23 January 2021 at 11:28,	
nishchintodotcom,	E-commerce website,	https://www.facebook.com/nishchintodotcom,	01842-030300,	3477 likes,	Monday 1 February 2021 at 21:06,	Friday 29 January 2021 at 21:51,	
banglatuneforall,	,	https://www.facebook.com/banglatuneforall,	01556-496251,	51131 likes,	,	,	
naharfashion88,	Women's clothes shop · Product/service,	https://www.facebook.com/naharfashion88,	01861-671390,	1846 likes,	Friday 1 January 2021 at 03:19,	Wednesday 2 December 2020 at 10:48,	
artholictimu,	Art · Arts and crafts shop · Arts and entertainment,	https://www.facebook.com/artholictimu,	01533-598517,	1464 likes,	Saturday 16 January 2021 at 08:50,	Wednesday 20 January 2021 at 19:36,	
rongdhonuboutique13,	Women's clothes shop,	https://www.facebook.com/rongdhonuboutique13,	01550-028000,	11320 likes,	Tuesday 13 October 2020 at 08:49,	Tuesday 6 October 2020 at 10:15,	
dressqueenfashion,	Fashion designer · Clothing (brand),	https://www.facebook.com/dressqueenfashion,	01629-052393,	1502 likes,	Friday 8 January 2021 at 01:57,	Monday 7 December 2020 at 09:22,	
ORFashionbd,	Women's clothes shop,	https://www.facebook.com/ORFashionbd,	-01531930188 or massages for any information .,	4869 likes,	,	,	
ArrowStyleLover,	Product/service · Jewellery/watches · Women's clothes shop,	https://www.facebook.com/ArrowStyleLover,	,	1010 likes,	Thursday 17 December 2020 at 01:10,	Sunday 29 November 2020 at 07:41,	
bdbooking,	Tour guide,	https://www.facebook.com/bdbooking,	01818-774550,	1022 likes,	,	,	
LipstickMart,	Cosmetics shop,	https://www.facebook.com/LipstickMart,	01822-396446,	5722 likes,	Friday 13 November 2020 at 11:53,	Friday 13 November 2020 at 12:03,	
tanhabdshopcom,	E-commerce website · Shopping & retail,	https://www.facebook.com/tanhabdshopcom,	01944-003161,	4828 likes,	Friday 5 February 2021 at 10:29,	Wednesday 7 October 2020 at 09:07,	
navinmotors,	Motorbike dealership · Motorcycle repair centre,	https://www.facebook.com/navinmotors,	01919-573570,	727 likes,	Friday 5 February 2021 at 22:35,	Friday 5 February 2021 at 08:21,	
AfifaFashionbd,	Fabric shop,	https://www.facebook.com/AfifaFashionbd,	01309-004282,	10457 likes,	Thursday 1 October 2020 at 09:53,	Tuesday 6 October 2020 at 00:39,	
silken.fb,	Clothing (brand),	https://www.facebook.com/silken.fb,	01790-890598,	28045 likes,	Friday 5 February 2021 at 22:40,	Sunday 30 August 2020 at 09:03,	
zooxonshop,	Shopping & retail · E-commerce website,	https://www.facebook.com/zooxonshop,	01911-016155,	16603 likes,	Tuesday 26 January 2021 at 10:30,	Sunday 31 January 2021 at 09:07,	
DossiLifestyle,	Women's clothes shop,	https://www.facebook.com/DossiLifestyle,	01515-687845,	96899 likes,	Tuesday 10 November 2020 at 21:52,	Sunday 13 September 2020 at 03:25,	
tabassum262662,	Photographer,	https://www.facebook.com/tabassum262662,	,	842 likes,	Tuesday 26 January 2021 at 01:47,	Tuesday 26 January 2021 at 07:30,	
Amayra.Fashion.bd,	Shopping & retail,	https://www.facebook.com/Amayra.Fashion.bd,	01703-635657,	23645 likes,	Friday 5 February 2021 at 08:08,	Tuesday 18 August 2020 at 10:02,	
SajposhakBangladesh,	Women's clothes shop · Jewellery & watches shop · Beauty, cosmetic & personal care,	https://www.facebook.com/SajposhakBangladesh,	01844-928291,	2383 likes,	Thursday 13 August 2020 at 09:50,	Sunday 30 August 2020 at 07:05,	
lpcbangladesh,	Women's clothes shop,	https://www.facebook.com/lpcbangladesh,	01973-892178,	1973 likes,	Friday 25 September 2020 at 11:54,	Thursday 24 September 2020 at 00:25,	
galaxyfashionz,	Clothes shop,	https://www.facebook.com/galaxyfashionz,	01882-332241,	1279 likes,	Wednesday 20 January 2021 at 04:52,	Saturday 30 January 2021 at 20:34,	
GamingStoreOfficial,	Gamer · Video game · Games/toys,	https://www.facebook.com/GamingStoreOfficial,	01934-464629,	80478 likes,	Friday 4 September 2020 at 02:25,	Friday 4 September 2020 at 13:19,	
Jusysfoodfusion,	Fast food restaurant,	https://www.facebook.com/Jusysfoodfusion,	01752-777321,	2197 likes,	Friday 5 February 2021 at 23:04,	Wednesday 13 January 2021 at 01:45,	
jarinfashion17,	Local business,	https://www.facebook.com/jarinfashion17,	01625-302010,	2779 likes,	Thursday 28 January 2021 at 06:58,	Thursday 28 January 2021 at 10:07,	
jannatladiescollection,	Women's clothes shop · Shopping service,	https://www.facebook.com/jannatladiescollection,	01765-211044,	790 likes,	Thursday 4 February 2021 at 16:20,	Thursday 4 February 2021 at 16:09,	
mkcollectionnarsingdi,	Product/service,	https://www.facebook.com/mkcollectionnarsingdi,	01992-437416,	3378 likes,	Friday 5 February 2021 at 22:29,	Thursday 4 February 2021 at 23:29,	
evocativebdltd,	Product/service · Shopping & retail · Organic food shop,	https://www.facebook.com/evocativebdltd,	01743-425337,	7911 likes,	Thursday 4 February 2021 at 03:04,	Saturday 30 January 2021 at 22:28,	
onlineborkhashop,	Clothes shop,	https://www.facebook.com/onlineborkhashop,	01646-173036,	1228 likes,	Tuesday 22 September 2020 at 02:50,	Friday 25 September 2020 at 00:39,	
Romoni247,	Shopping & retail,	https://www.facebook.com/Romoni247,	01968-196239,	1495 likes,	Wednesday 21 August 2019 at 21:07,	Tuesday 4 June 2019 at 11:59,	Monday 13 May 2019 at 09:52
aviana.thecloset,	Clothing (brand) · Women's clothes shop,	https://www.facebook.com/aviana.thecloset,	01534-666431,	2511 likes,	Sunday 31 January 2021 at 02:55,	Tuesday 26 January 2021 at 02:13,	
PremsCollections,	Clothing (brand) · Design & fashion,	https://www.facebook.com/PremsCollections,	01783-959559,	387057 likes,	Friday 5 February 2021 at 23:07,	Tuesday 26 January 2021 at 02:58,	
moonscollection18,	Shopping & retail · Product/service · Clothing (brand),	https://www.facebook.com/moonscollection18,	01864-930309,	268 likes,	Friday 18 December 2020 at 05:47,	Sunday 20 December 2020 at 08:26,	
sscutieshop,	Beauty, cosmetic & personal care,	https://www.facebook.com/sscutieshop,	,	21823 likes,	Thursday 31 December 2020 at 03:18,	Saturday 26 December 2020 at 03:16,	
halfashioncom,	Women's clothes shop · Boutique shop,	https://www.facebook.com/halfashioncom,	01703-607444,	24842 likes,	Sunday 6 September 2020 at 03:27,	Monday 20 July 2020 at 03:31,	
tamannasetu.culture,	Author,	https://www.facebook.com/tamannasetu.culture,	,	16595 likes,	Sunday 13 December 2020 at 18:50,	Monday 20 July 2020 at 02:49,	Sunday 19 July 2020 at 22:35
Tanjila.Rahman19,	Women's clothes shop · Product/service,	https://www.facebook.com/Tanjila.Rahman19,	01978-868841,	3571 likes,	Monday 1 February 2021 at 09:17,	Saturday 30 January 2021 at 02:44,	
localproduct.com.bd,	Shopping & retail · Product/service · Health/beauty,	https://www.facebook.com/localproduct.com.bd,	01631-690769,	1961 likes,	Monday 28 December 2020 at 10:31,	Tuesday 22 December 2020 at 22:25,	
Arsajibysafa,	Women's clothes shop,	https://www.facebook.com/Arsajibysafa,	01308-556191,	6158 likes,	Monday 18 January 2021 at 07:38,	Thursday 31 December 2020 at 06:06,	
FarjanistaBD,	Women's clothes shop · Beauty, cosmetic & personal care,	https://www.facebook.com/FarjanistaBD,	01316-086517,	838 likes,	Monday 1 February 2021 at 04:04,	Tuesday 12 January 2021 at 05:58,	
barcodecafedhaka,	Cafe,	https://www.facebook.com/barcodecafedhaka,	01735-986411,	132604 likes,	,	,	
gameshopbdtrusted,	Business service,	https://www.facebook.com/gameshopbdtrusted,	01735-733807,	21106 likes,	Monday 28 December 2020 at 21:58,	Thursday 3 September 2020 at 05:59,	
brothersonlinemart,	Product/service,	https://www.facebook.com/brothersonlinemart,	01706-690212,	218 likes,	Thursday 5 November 2020 at 02:06,	Thursday 5 November 2020 at 02:03,	
dalfourbd,	Health/beauty · Product/service,	https://www.facebook.com/dalfourbd,	01730-302001,	767 likes,	Wednesday 6 November 2019 at 06:43,	Sunday 27 October 2019 at 01:43,	
newtrendgallery,	Jewellery & watches shop · Product/service,	https://www.facebook.com/newtrendgallery,	01914-188426,	48366 likes,	,	,	
sumaiyasuniquefashion,	Shopping & retail,	https://www.facebook.com/sumaiyasuniquefashion,	01862-073917,	281 likes,	Sunday 30 August 2020 at 21:51,	Sunday 26 July 2020 at 11:10,	Sunday 26 July 2020 at 11:01
aneeza.fashion,	Women's clothes shop · Clothing (brand),	https://www.facebook.com/aneeza.fashion,	01913-501051,	52174 likes,	Friday 5 February 2021 at 22:39,	Tuesday 2 February 2021 at 22:03,	
arushaaumisha,	Clothing (brand),	https://www.facebook.com/arushaaumisha,	01717-626236,	1128 likes,	Monday 14 December 2020 at 09:57,	Sunday 29 November 2020 at 06:11,	
naturalfashionbd,	Clothing (brand),	https://www.facebook.com/naturalfashionbd,	01875-348578,	4790 likes,	Thursday 4 February 2021 at 06:55,	Friday 5 February 2021 at 05:28,	
brillesshop,	Sunglasses & eyewear shop,	https://www.facebook.com/brillesshop,	01985-879125,	6194 likes,	Saturday 23 January 2021 at 10:11,	Sunday 31 January 2021 at 03:02,	
Lafemenia,	Accessories · Clothing (brand),	https://www.facebook.com/Lafemenia,	,	3852 likes,	Tuesday 2 February 2021 at 00:32,	Monday 4 January 2021 at 04:34,	
mblxpress,	Mobile phone shop · Accessories,	https://www.facebook.com/mblxpress,	01765-776600,	263 likes,	Sunday 6 December 2020 at 02:58,	Thursday 31 December 2020 at 11:17,	
ordinarycollectiontn,	Product/service · Jewellery/watches,	https://www.facebook.com/ordinarycollectiontn,	01766-834596,	4931 likes,	Thursday 24 December 2020 at 10:44,	Saturday 26 December 2020 at 03:16,	
amarshokherbazar,	E-commerce website,	https://www.facebook.com/amarshokherbazar,	01826-200489,	10280 likes,	Friday 5 February 2021 at 02:41,	Thursday 4 February 2021 at 04:10,	
adonia.ara,	Clothing (brand),	https://www.facebook.com/adonia.ara,	01735-895186,	2250 likes,	,	,	
bdglamorous3,	Women's clothes shop,	https://www.facebook.com/bdglamorous3,	01786-543583,	95710 likes,	Friday 5 February 2021 at 08:26,	Wednesday 27 January 2021 at 09:56,	
FastFashion11,	Clothing (brand) · Men's clothes shop,	https://www.facebook.com/FastFashion11,	01874-606629,	9960 likes,	Thursday 4 February 2021 at 22:23,	Sunday 31 January 2021 at 02:57,	
click4234,	E-commerce website,	https://www.facebook.com/click4234,	01871-949242,	4927 likes,	Tuesday 3 November 2020 at 22:43,	Wednesday 4 November 2020 at 08:06,	
Pxngame.site,	Video games shop · Video game,	https://www.facebook.com/Pxngame.site,	01712-629097,	4625 likes,	Saturday 30 January 2021 at 01:50,	Saturday 5 October 2019 at 04:29,	
ajandimport,	Women's clothes shop · Jewellery & watches shop · Jewellery/watches,	https://www.facebook.com/ajandimport,	,	15500 likes,	Saturday 30 January 2021 at 03:39,	Wednesday 22 March 2017 at 09:26,	
Hardcorechef.official,	Live & raw food restaurant · Pizza Place · Diner,	https://www.facebook.com/Hardcorechef.official,	01714-300938,	1183 likes,	Monday 21 December 2020 at 22:19,	Monday 21 December 2020 at 22:17,	
BhaiDot,	Apparel & clothing,	https://www.facebook.com/BhaiDot,	01710-468561,	394 likes,	Saturday 31 October 2020 at 21:54,	Friday 30 October 2020 at 22:20,	Monday 21 October 2019 at 00:05
tasinjamdani,	Shopping & retail,	https://www.facebook.com/tasinjamdani,	01818-662830,	6888 likes,	Thursday 28 January 2021 at 06:52,	Monday 11 January 2021 at 02:09,	
ononno.wand.official,	Interest,	https://www.facebook.com/ononno.wand.official,	01910-542127,	38409 likes,	Wednesday 30 December 2020 at 07:25,	Saturday 24 October 2020 at 09:26,	
rajshahiraampawajay,	Fruit & vegetable shop · Organic food shop,	https://www.facebook.com/rajshahiraampawajay,	01758-681047,	344 likes,	Friday 31 July 2020 at 11:23,	Sunday 5 July 2020 at 11:16,	
sharjanascreation,	Arts and crafts shop,	https://www.facebook.com/sharjanascreation,	01674-549297,	730 likes,	Friday 5 February 2021 at 21:46,	Friday 5 February 2021 at 21:43,	
bikikini2020,	Women's clothes shop,	https://www.facebook.com/bikikini2020,	01311-703037,	28393 likes,	Wednesday 3 February 2021 at 23:39,	Friday 29 January 2021 at 03:34,	
dreamfashionltd,	Baby & children's clothing store,	https://www.facebook.com/dreamfashionltd,	01718-257959,	9345 likes,	Sunday 13 December 2020 at 23:56,	Tuesday 15 December 2020 at 03:31,	Friday 8 May 2020 at 23:39
GreenfashionGroup,	Fabric shop · Men's clothes shop,	https://www.facebook.com/GreenfashionGroup,	01309-004282,	28849 likes,	Monday 16 November 2020 at 18:44,	Saturday 26 September 2020 at 00:13,	Saturday 26 September 2020 at 00:00
Tonoyaswardrobe,	Clothing (brand) · Boutique shop · Women's clothes shop,	https://www.facebook.com/Tonoyaswardrobe,	01728-718140,	2692 likes,	Wednesday 30 December 2020 at 22:53,	Wednesday 30 December 2020 at 23:08,	
ABbutiquesZone,	Shopping & retail,	https://www.facebook.com/ABbutiquesZone,	01674-563566,	411 likes,	Saturday 23 January 2021 at 00:49,	Thursday 24 December 2020 at 07:46,	
Gorgeous91youOfficial91,	Women's clothes shop · Clothing (brand),	https://www.facebook.com/Gorgeous91youOfficial91,	,	3741 likes,	Friday 6 November 2020 at 22:14,	Tuesday 6 October 2020 at 10:04,	
senoritacosmeticcollections,	Product/service · E-commerce website · Business service,	https://www.facebook.com/senoritacosmeticcollections,	01672-515215,	21742 likes,	Tuesday 17 November 2020 at 10:13,	Tuesday 27 October 2020 at 05:23,	
lilacfashion.ctg,	Clothing (brand) · Shopping & retail · Product/service,	https://www.facebook.com/lilacfashion.ctg,	01671-471516,	526 likes,	Tuesday 29 December 2020 at 08:06,	Tuesday 29 September 2020 at 09:04,	
ajkershop.com.bd,	Shopping & retail · Product/service,	https://www.facebook.com/ajkershop.com.bd,	09638-254594,	299 likes,	Tuesday 18 August 2020 at 09:26,	Tuesday 18 August 2020 at 09:16,	
FashionEraBd,	Women's clothes shop · Baby & children's clothing store · Clothing (brand),	https://www.facebook.com/FashionEraBd,	01821-888888,	89018 likes,	Friday 5 February 2021 at 20:40,	Thursday 4 February 2021 at 02:37,	
sweetlayers.khulna,	Bakery,	https://www.facebook.com/sweetlayers.khulna,	01910-462211,	663 likes,	Friday 5 February 2021 at 22:12,	Friday 5 February 2021 at 23:09,	
Hennaartbymimu,	Artist,	https://www.facebook.com/Hennaartbymimu,	01637-000462,	485 likes,	Saturday 2 January 2021 at 01:34,	Thursday 31 December 2020 at 23:32,	
modebysara,	Clothes shop,	https://www.facebook.com/modebysara,	01778-410044,	5298 likes,	Friday 22 January 2021 at 05:45,	Saturday 23 January 2021 at 23:21,	
popularbazzar,	Supermarket · E-commerce website · Product/service,	https://www.facebook.com/popularbazzar,	01777-662029,	2734 likes,	Saturday 16 January 2021 at 10:45,	Tuesday 5 January 2021 at 12:53,	
pottopuran,	Product/service,	https://www.facebook.com/pottopuran,	01767-433520,	1470 likes,	Monday 1 February 2021 at 09:22,	Saturday 30 January 2021 at 20:42,	
sjkchemicals,	Chemical company,	https://www.facebook.com/sjkchemicals,	,	1464 likes,	Monday 8 May 2017 at 11:51,	Tuesday 5 July 2016 at 18:53,	
riajuljannatbd,	Cosmetics shop · Women's clothes shop · Jewellery/watches,	https://www.facebook.com/riajuljannatbd,	01730-722870,	345434 likes,	,	,	
GadgetStoreSylhet,	Mobile phone shop · Accessories,	https://www.facebook.com/GadgetStoreSylhet,	01715-928966,	1877 likes,	Friday 5 February 2021 at 02:57,	Friday 5 February 2021 at 06:18,	
fatemazfashion,	Design & fashion,	https://www.facebook.com/fatemazfashion,	01711-504218,	4348 likes,	Wednesday 3 February 2021 at 07:46,	Friday 15 January 2021 at 01:08,	
projapoticollection2020,	Clothing (brand) · Women's clothes shop,	https://www.facebook.com/projapoticollection2020,	01735-441623,	1986 likes,	Thursday 4 February 2021 at 21:56,	Wednesday 3 February 2021 at 21:49,	
dhakamartweb,	E-commerce website · Shopping & retail,	https://www.facebook.com/dhakamartweb,	01772-909339,	16670 likes,	Thursday 31 December 2020 at 09:44,	Thursday 25 June 2020 at 13:40,	
citytechrp,	Mobile phone shop,	https://www.facebook.com/citytechrp,	01842-132088,	19881 likes,	Friday 29 January 2021 at 01:38,	Friday 29 January 2021 at 03:04,	Wednesday 29 July 2020 at 03:46
philipselectronicsbd,	Electronics · Product/service,	https://www.facebook.com/philipselectronicsbd,	01873-469747,	211 likes,	Sunday 24 January 2021 at 22:45,	Sunday 8 November 2020 at 00:30,	
0AllinOneClick,	Women's clothes shop,	https://www.facebook.com/0AllinOneClick,	01906-733937,	16912 likes,	Wednesday 3 February 2021 at 03:33,	Tuesday 2 February 2021 at 03:09,	
MojarBahar,	Food delivery service,	https://www.facebook.com/MojarBahar,	01722-229092,	465 likes,	Wednesday 20 January 2021 at 21:17,	Wednesday 27 January 2021 at 04:03,	Saturday 5 December 2020 at 00:14
gameshop20,	Games/toys,	https://www.facebook.com/gameshop20,	01625-992329,	4343 likes,	Friday 15 January 2021 at 01:34,	Monday 18 January 2021 at 19:10,	
shaikhafrinrahman,	Beauty, cosmetic & personal care,	https://www.facebook.com/shaikhafrinrahman,	+44 7736 943785,	4585 likes,	Wednesday 3 February 2021 at 01:16,	Saturday 19 September 2020 at 07:57,	
masturifoods,	Restaurant,	https://www.facebook.com/masturifoods,	01406-097884,	1838 likes,	Tuesday 2 February 2021 at 02:12,	Sunday 21 July 2019 at 07:25,	
NUH410,	Clothes shop,	https://www.facebook.com/NUH410,	01915-156722,	2735 likes,	,	,	
NoorInLifestyle,	Design & fashion · Women's clothes shop · Clothing (brand),	https://www.facebook.com/NoorInLifestyle,	01727-262627,	824 likes,	Sunday 17 January 2021 at 04:46,	Tuesday 19 January 2021 at 05:28,	Friday 29 January 2021 at 23:00
onlinesmartshopbd123,	Product/service · Shopping & retail,	https://www.facebook.com/onlinesmartshopbd123,	01950-591834,	894 likes,	Wednesday 11 November 2020 at 20:44,	Tuesday 10 November 2020 at 19:27,	
Exclusivedesigningwear,	Design & fashion · Women's clothes shop · Jewellery/watches,	https://www.facebook.com/Exclusivedesigningwear,	01632-655238,	1322 likes,	Monday 1 February 2021 at 03:27,	Monday 1 February 2021 at 03:22,	Monday 25 January 2021 at 09:12
timeforshoppingbd,	E-commerce website,	https://www.facebook.com/timeforshoppingbd,	,	204 likes,	Thursday 14 January 2021 at 06:27,	Thursday 15 October 2020 at 23:05,	
BLUEBUTTERFLYPRO2020,	Women's clothes shop · Clothing (brand) · Video creator,	https://www.facebook.com/BLUEBUTTERFLYPRO2020,	01972-300031,	4183 likes,	Friday 5 February 2021 at 22:15,	Saturday 6 February 2021 at 00:11,	
sarascollection99,	Women's clothes shop · Boutique shop · Clothing (brand),	https://www.facebook.com/sarascollection99,	,	39585 likes,	Wednesday 3 February 2021 at 02:32,	Thursday 21 January 2021 at 06:17,	Tuesday 10 November 2020 at 01:22
MalihaFashionBD,	Women's clothes shop,	https://www.facebook.com/MalihaFashionBD,	,	8580 likes,	Thursday 4 February 2021 at 06:29,	Wednesday 3 February 2021 at 06:28,	
sarcbazar.com.bd,	Product/service · Women's clothes shop · Phone/tablet,	https://www.facebook.com/sarcbazar.com.bd,	01716-833653,	25623 likes,	Tuesday 2 February 2021 at 22:43,	Monday 1 February 2021 at 08:12,	
pathaghor,	Education,	https://www.facebook.com/pathaghor,	,	2055 likes,	,	,	
i4TopUp,	Video games shop,	https://www.facebook.com/i4TopUp,	01834-525145,	5336 likes,	Tuesday 2 February 2021 at 11:28,	Sunday 24 January 2021 at 13:11,	
rmtrendywomenshop,	Women's clothes shop,	https://www.facebook.com/rmtrendywomenshop,	01842-445049,	1707 likes,	Thursday 8 October 2020 at 05:15,	Wednesday 10 June 2020 at 00:04,	
stylinef,	Product/service · Business centre,	https://www.facebook.com/stylinef,	01998-800322,	16819 likes,	Friday 5 February 2021 at 06:09,	Friday 5 February 2021 at 06:03,	Sunday 1 November 2020 at 05:26
aizafashion71,	Clothing (brand),	https://www.facebook.com/aizafashion71,	01921-594971,	1187 likes,	Friday 16 October 2020 at 11:45,	Monday 26 October 2020 at 09:05,	
tomatoads,	Advertising agency,	https://www.facebook.com/tomatoads,	01613-866281,	41184 likes,	Sunday 28 May 2017 at 01:29,	Sunday 28 May 2017 at 02:05,	
MarjanBoutiqu,	Clothing (brand) · Product/service,	https://www.facebook.com/MarjanBoutiqu,	01888-166625,	718716 likes,	,	,	
emsisesoft,	Software company,	https://www.facebook.com/emsisesoft,	,	2025 likes,	Tuesday 12 January 2021 at 03:13,	Tuesday 12 January 2021 at 03:01,	Thursday 17 December 2020 at 22:43
Scorpia.shop,	Local business,	https://www.facebook.com/Scorpia.shop,	,	1175 likes,	Friday 5 February 2021 at 18:20,	Monday 1 February 2021 at 08:14,	
originalantik,	Video creator · Artist · Author,	https://www.facebook.com/originalantik,	,	165873 likes,	Friday 5 February 2021 at 22:03,	Saturday 30 January 2021 at 02:29,	
royalbengal2020,	Product/service · Clothing (brand),	https://www.facebook.com/royalbengal2020,	01645-000846,	6001 likes,	Sunday 4 October 2020 at 03:22,	Thursday 1 October 2020 at 11:20,	
shovacraftsjessorebd,	Shopping & retail,	https://www.facebook.com/shovacraftsjessorebd,	01915-563086,	734 likes,	Sunday 17 January 2021 at 08:35,	Sunday 17 January 2021 at 08:27,	Saturday 31 October 2020 at 04:10
skonlineshoppingbd,	E-commerce website,	https://www.facebook.com/skonlineshoppingbd,	01322-444886,	3379 likes,	Friday 5 February 2021 at 07:36,	Friday 5 February 2021 at 03:35,	
saharaboutiques,	Women's clothes shop,	https://www.facebook.com/saharaboutiques,	01795-279124,	3709 likes,	Friday 18 December 2020 at 09:16,	Saturday 21 November 2020 at 03:10,	
arohinish,	Clothing (brand),	https://www.facebook.com/arohinish,	01404-385872,	5123 likes,	Monday 4 January 2021 at 00:34,	Sunday 3 January 2021 at 12:12,	
banglarrangbd,	Design & fashion · Business service,	https://www.facebook.com/banglarrangbd,	01628-121006,	16530 likes,	Monday 1 February 2021 at 06:58,	,	
BDVoyage,	Clothing (brand),	https://www.facebook.com/BDVoyage,	,	1340 likes,	Wednesday 27 January 2021 at 02:16,	Wednesday 27 January 2021 at 03:07,	
mmbazar.online.shop,	Product/service · Shopping service,	https://www.facebook.com/mmbazar.online.shop,	01885-702301,	120 likes,	Monday 14 September 2020 at 12:27,	Monday 14 September 2020 at 13:23,	
zohajihan,	Baby goods/children's goods,	https://www.facebook.com/zohajihan,	01676-067004,	540 likes,	Sunday 17 January 2021 at 06:23,	Sunday 17 January 2021 at 22:12,	
halimunfashion,	Clothing (brand) · Women's clothes shop,	https://www.facebook.com/halimunfashion,	01903-400084,	4037 likes,	Friday 5 February 2021 at 01:35,	Tuesday 12 January 2021 at 04:38,	
glowspaark,	Cosmetics shop · Health/beauty · Beauty, cosmetic & personal care,	https://www.facebook.com/glowspaark,	,	4486 likes,	Tuesday 2 February 2021 at 21:17,	Friday 5 February 2021 at 21:08,	
mukhmonon,	Artist · Product/service,	https://www.facebook.com/mukhmonon,	,	492 likes,	Thursday 31 December 2020 at 05:22,	Monday 5 October 2020 at 09:11,	
charuchapola,	Product/service · Women's clothes shop,	https://www.facebook.com/charuchapola,	01533-522493,	266 likes,	Saturday 19 September 2020 at 08:46,	Tuesday 22 September 2020 at 04:02,	
Traditionalchapai,	Product/service · Shopping & retail,	https://www.facebook.com/Traditionalchapai,	01776-555667,	1221 likes,	Monday 14 December 2020 at 02:04,	Wednesday 8 July 2020 at 21:42,	
VemosDeCompras,	Clothes shop · Business service,	https://www.facebook.com/VemosDeCompras,	01637-829475,	4218 likes,	Saturday 12 December 2020 at 07:51,	Wednesday 16 December 2020 at 07:20,	
NovaSwarovski,	Women's clothes shop · Boutique shop · Fashion designer,	https://www.facebook.com/NovaSwarovski,	01742-700800,	46141 likes,	Saturday 6 February 2021 at 00:01,	Saturday 30 January 2021 at 22:39,	
mrandmrsbd2020,	Clothes shop · Product/service · Shopping service,	https://www.facebook.com/mrandmrsbd2020,	01717-154610,	81 likes,	Sunday 22 November 2020 at 09:27,	Sunday 22 November 2020 at 09:21,	
BeautyCity.bd.93,	Cosmetics shop · Health/beauty · Beauty, cosmetic & personal care,	https://www.facebook.com/BeautyCity.bd.93,	01838-472725,	17406 likes,	Friday 5 February 2021 at 01:31,	Friday 5 February 2021 at 23:06,	
Sfashionzone1,	Women's clothes shop,	https://www.facebook.com/Sfashionzone1,	01728-732432,	23581 likes,	Friday 5 February 2021 at 07:31,	Tuesday 25 February 2020 at 23:54,	
Sprinkelscatering,	Caterer · Food delivery service,	https://www.facebook.com/Sprinkelscatering,	01919-157466,	4192 likes,	Friday 27 November 2020 at 20:49,	Thursday 19 November 2020 at 20:08,	
LiveLoveSparkle.VaAnnat,	Clothing (brand) · Fashion designer · Boutique shop,	https://www.facebook.com/LiveLoveSparkle.VaAnnat,	01858-764876,	18374 likes,	Tuesday 2 February 2021 at 03:38,	Tuesday 26 January 2021 at 05:03,	Wednesday 16 September 2020 at 01:27
astrolifebd,	Product/service · Shopping & retail · Health/beauty,	https://www.facebook.com/astrolifebd,	,	781 likes,	Friday 29 January 2021 at 12:02,	Tuesday 17 November 2020 at 05:50,	
Alimama.com.bd,	Shopping service · E-commerce website,	https://www.facebook.com/Alimama.com.bd,	,	1928 likes,	Thursday 4 February 2021 at 01:14,	Thursday 4 February 2021 at 04:12,	
NEHAR.FABRICS.PAGE,	Women's clothes shop,	https://www.facebook.com/NEHAR.FABRICS.PAGE,	01776-772755,	11193 likes,	Monday 25 January 2021 at 03:59,	Sunday 24 January 2021 at 05:05,	
Rubayafashion,	Clothing (brand),	https://www.facebook.com/Rubayafashion,	01610-887362,	6319 likes,	Thursday 10 December 2020 at 05:34,	Thursday 10 December 2020 at 04:17,	
vintagesyl18,	Product/service,	https://www.facebook.com/vintagesyl18,	01765-213594,	2420 likes,	Tuesday 21 July 2020 at 09:34,	Wednesday 29 January 2020 at 05:57,	
RMCLOSETDHAKA,	Clothing (brand) · Women's clothes shop,	https://www.facebook.com/RMCLOSETDHAKA,	01732-201251,	6288 likes,	Friday 5 February 2021 at 19:16,	Sunday 31 January 2021 at 03:50,	
SolaimanAhmedJishan,	Public figure,	https://www.facebook.com/SolaimanAhmedJishan,	01673-784359,	5053 likes,	,	,	
BdTelemall,	Shopping & retail,	https://www.facebook.com/BdTelemall,	01766-488334,	57 likes,	Monday 22 June 2020 at 05:45,	Monday 22 June 2020 at 05:43,	
M12OnlineShop,	Women's clothes shop,	https://www.facebook.com/M12OnlineShop,	01623-253021,	871 likes,	Sunday 17 January 2021 at 21:47,	Thursday 7 January 2021 at 01:54,	
bd.thehanger,	Women's clothes shop · Men's clothes shop,	https://www.facebook.com/bd.thehanger,	01824-572651,	2049 likes,	Sunday 31 January 2021 at 23:52,	Sunday 31 January 2021 at 23:44,	Monday 18 January 2021 at 04:49
BDGAMERS121,	Gaming video creator,	https://www.facebook.com/BDGAMERS121,	,	25116 likes,	Thursday 4 February 2021 at 09:15,	Sunday 24 January 2021 at 01:14,	
rashinipu,	Shopping & retail,	https://www.facebook.com/rashinipu,	01719-593160,	406 likes,	Wednesday 3 February 2021 at 18:48,	Wednesday 3 February 2021 at 18:47,	
OroraShop54,	Interest,	https://www.facebook.com/OroraShop54,	,	28396 likes,	Friday 5 February 2021 at 02:46,	Friday 5 February 2021 at 05:10,	Monday 18 January 2021 at 02:17
AnMofficial101,	Clothing (brand),	https://www.facebook.com/AnMofficial101,	,	1829 likes,	Wednesday 13 January 2021 at 07:38,	Wednesday 13 January 2021 at 07:37,	
amarbazars,	E-commerce website,	https://www.facebook.com/amarbazars,	01710-621233,	121676 likes,	Friday 5 February 2021 at 04:12,	Wednesday 30 December 2020 at 21:42,	
pushpita143shopping,	Product/service,	https://www.facebook.com/pushpita143shopping,	01959-136368,	450 likes,	Thursday 28 January 2021 at 08:33,	Thursday 28 January 2021 at 08:29,	
FruitsOrganica,	Organic food shop · Fruit & vegetable shop,	https://www.facebook.com/FruitsOrganica,	01671-818472,	1113 likes,	,	,	
durbarfoodmymensingh,	Food delivery service · Event planner,	https://www.facebook.com/durbarfoodmymensingh,	01770-681833,	946 likes,	Friday 23 October 2020 at 17:16,	Tuesday 21 April 2020 at 17:08,	
iconfashion.com.bd,	Local business,	https://www.facebook.com/iconfashion.com.bd,	01776-206973,	28337 likes,	Wednesday 3 February 2021 at 06:48,	Thursday 4 February 2021 at 02:03,	
divasstylebd,	Local business,	https://www.facebook.com/divasstylebd,	,	227 likes,	Tuesday 1 December 2020 at 04:05,	Sunday 25 November 2018 at 03:07,	
ElegantCraft.BD,	E-commerce website · Arts and crafts shop · Beauty, cosmetic & personal care,	https://www.facebook.com/ElegantCraft.BD,	01938-664823,	482 likes,	Tuesday 27 October 2020 at 00:40,	Wednesday 9 September 2020 at 03:32,	Monday 21 September 2020 at 05:04
CavinKareBD,	Health/beauty,	https://www.facebook.com/CavinKareBD,	,	35337 likes,	Thursday 4 February 2021 at 05:00,	Tuesday 22 December 2020 at 04:55,	
gsfworld,	Women's clothes shop,	https://www.facebook.com/gsfworld,	01739-873886,	522 likes,	Tuesday 27 October 2020 at 11:02,	Friday 18 September 2020 at 03:40,	
BDTuchBeautawraty,	Beauty shop,	https://www.facebook.com/BDTuchBeautawraty,	01784-283028,	18043 likes,	Friday 5 February 2021 at 02:55,	Wednesday 13 January 2021 at 21:06,	
bonhomiefashion,	Women's clothes shop · E-commerce website,	https://www.facebook.com/bonhomiefashion,	01679-626262,	24782 likes,	Thursday 4 February 2021 at 06:39,	Thursday 5 November 2020 at 00:00,	
creatbysylheti,	Clothing (brand),	https://www.facebook.com/creatbysylheti,	01521-442457,	5874 likes,	Friday 5 February 2021 at 05:35,	Friday 5 February 2021 at 09:32,	
ovishanishop,	Women's clothes shop · Cosmetics shop · Cupcake Shop,	https://www.facebook.com/ovishanishop,	01706-260463,	22048 likes,	Thursday 4 February 2021 at 18:51,	Tuesday 28 May 2019 at 05:14,	
nibaaaassh,	Women's clothes shop,	https://www.facebook.com/nibaaaassh,	01612-188886,	781 likes,	Saturday 6 February 2021 at 00:02,	Monday 16 November 2020 at 10:29,	
ddp.bd,	Clothes shop · Product/service,	https://www.facebook.com/ddp.bd,	01400-516444,	832 likes,	Friday 22 January 2021 at 00:12,	Friday 22 January 2021 at 00:05,	
LAZYDUDEBD,	Home decor · Furniture,	https://www.facebook.com/LAZYDUDEBD,	01740-755007,	57256 likes,	,	,	
kangana.ctg,	Brand,	https://www.facebook.com/kangana.ctg,	01836-053626,	17989 likes,	Monday 12 October 2020 at 07:55,	Thursday 8 November 2018 at 02:56,	
Prezzie9,	Women's clothes shop,	https://www.facebook.com/Prezzie9,	01940-560953,	1174 likes,	Friday 11 September 2020 at 05:41,	Sunday 6 September 2020 at 04:45,	
sa.fsn.bd,	Clothing (brand),	https://www.facebook.com/sa.fsn.bd,	01920-072849,	9508 likes,	Thursday 4 February 2021 at 21:40,	Friday 23 October 2020 at 11:42,	
TrendzMartShop,	Internet company,	https://www.facebook.com/TrendzMartShop,	,	989 likes,	Saturday 9 February 2019 at 06:50,	Saturday 9 February 2019 at 06:46,	
Deliveryhero.com.bd,	Interest,	https://www.facebook.com/Deliveryhero.com.bd,	01680-582360,	4767 likes,	Monday 13 July 2020 at 10:44,	Monday 13 July 2020 at 04:21,	
sutonuu,	Clothing (brand) · Baby & children's clothing store · Accessories,	https://www.facebook.com/sutonuu,	01780-093720,	1451 likes,	Friday 5 February 2021 at 22:09,	Saturday 12 September 2020 at 23:46,	
shopnirr,	Product/service · E-commerce website,	https://www.facebook.com/shopnirr,	01726-583292,	289 likes,	Wednesday 23 December 2020 at 22:24,	Monday 14 December 2020 at 22:05,	
ShopFasterToday,	Product/service · Shopping service,	https://www.facebook.com/ShopFasterToday,	09639-156803,	491 likes,	Saturday 16 January 2021 at 02:01,	Sunday 10 January 2021 at 10:03,	
BeautyOpticals,	Sunglasses & eyewear shop · Medical and health,	https://www.facebook.com/BeautyOpticals,	01552-804540,	9494 likes,	Tuesday 26 January 2021 at 02:10,	Thursday 28 November 2019 at 23:53,	
SAYMAzZ,	Clothing (brand),	https://www.facebook.com/SAYMAzZ,	01626-797584,	2270 likes,	Friday 5 February 2021 at 08:21,	Friday 5 February 2021 at 06:15,	
dewan.enterprise2020,	Product/service · Interior design studio · Event,	https://www.facebook.com/dewan.enterprise2020,	01303-367978,	1553 likes,	Thursday 31 December 2020 at 11:16,	Friday 30 October 2020 at 08:47,	
suhana3030,	Clothing (brand),	https://www.facebook.com/suhana3030,	01793-323030,	4188 likes,	Wednesday 3 February 2021 at 04:54,	Saturday 30 January 2021 at 02:47,	
Swapybooks,	Book,	https://www.facebook.com/Swapybooks,	01913-378116,	2716 likes,	Wednesday 3 February 2021 at 00:02,	Wednesday 3 February 2021 at 00:01,	
vinciver,	Clothing (brand) · Clothing company,	https://www.facebook.com/vinciver,	01848-311304,	1255 likes,	Wednesday 28 October 2020 at 01:20,	Saturday 17 October 2020 at 01:10,	
oboni.bangladesh,	Product/service · E-commerce website,	https://www.facebook.com/oboni.bangladesh,	01721-822212,	7566 likes,	Thursday 4 February 2021 at 09:44,	Friday 5 February 2021 at 07:07,	
dreamartfashion,	Women's clothes shop · Design & fashion,	https://www.facebook.com/dreamartfashion,	01572-119225,	1443 likes,	Monday 12 October 2020 at 06:34,	Monday 12 October 2020 at 07:23,	
ATP.BD,	Publisher · Religious book shop,	https://www.facebook.com/ATP.BD,	01841-549956,	3709 likes,	,	,	
yttrustedgameshop,	Gaming video creator · Business service,	https://www.facebook.com/yttrustedgameshop,	01766-974045,	6176 likes,	Sunday 31 January 2021 at 23:31,	Friday 4 September 2020 at 13:10,	
biharikacchi,	Indian restaurant · Pakistani restaurant,	https://www.facebook.com/biharikacchi,	01705-147175,	2182 likes,	Sunday 31 January 2021 at 06:44,	Wednesday 9 December 2020 at 10:15,	
Jahans.tailor,	Design & fashion · Product/service,	https://www.facebook.com/Jahans.tailor,	01628-709826,	2135 likes,	Friday 29 January 2021 at 06:35,	Wednesday 27 January 2021 at 04:00,	Saturday 5 September 2020 at 06:13
azrafcollection,	Shopping & retail · Beauty, cosmetic & personal care,	https://www.facebook.com/azrafcollection,	01869-887332,	3888 likes,	Wednesday 3 February 2021 at 21:28,	Friday 5 February 2021 at 05:02,	
fatemafashion07,	Clothing (brand) · Women's clothes shop,	https://www.facebook.com/fatemafashion07,	01955-466012,	86 likes,	Sunday 31 January 2021 at 18:56,	Sunday 31 January 2021 at 18:54,	Sunday 31 January 2021 at 18:49
nokiamobilecenter.nmc,	Phone/tablet · Product/service · Shopping & retail,	https://www.facebook.com/nokiamobilecenter.nmc,	01889-978063,	459 likes,	Saturday 9 January 2021 at 04:42,	Monday 11 January 2021 at 08:38,	
Cleanfreshfood,	Food delivery service,	https://www.facebook.com/Cleanfreshfood,	01716-554451,	469 likes,	,	,	
newinfobd,	News and media website,	https://www.facebook.com/newinfobd,	01769-918543,	219 likes,	Wednesday 14 October 2020 at 16:02,	Thursday 14 May 2020 at 01:06,	
sharnilsfly,	Clothing (brand) · Women's clothes shop · Beauty, cosmetic & personal care,	https://www.facebook.com/sharnilsfly,	,	1473 likes,	Sunday 17 January 2021 at 22:54,	Friday 18 December 2020 at 06:33,	
boyon.mohua24,	Clothes shop,	https://www.facebook.com/boyon.mohua24,	01841-032708,	10577 likes,	Friday 5 February 2021 at 05:55,	Friday 5 February 2021 at 09:35,	Saturday 21 November 2020 at 06:19
nafizits,	Computer shop,	https://www.facebook.com/nafizits,	+880472756198,	19529 likes,	Friday 5 February 2021 at 00:04,	Friday 25 September 2020 at 04:39,	
JannatDreamHouse,	Women's clothes shop · Business service,	https://www.facebook.com/JannatDreamHouse,	01682-130575,	19647 likes,	Sunday 24 January 2021 at 10:38,	Tuesday 29 December 2020 at 09:38,	
SmartEmporium,	Design & fashion · Jewellery/watches,	https://www.facebook.com/SmartEmporium,	01303-912143,	15769 likes,	Sunday 27 December 2020 at 23:47,	Thursday 8 October 2020 at 00:42,	
JKFASHIONCOLLECTION,	Clothing (brand) · Design & fashion,	https://www.facebook.com/JKFASHIONCOLLECTION,	,	5482 likes,	Tuesday 2 February 2021 at 21:40,	Tuesday 26 January 2021 at 05:58,	
zarin.fashion,	Clothes shop,	https://www.facebook.com/zarin.fashion,	,	296 likes,	Wednesday 27 May 2015 at 04:39,	Monday 25 May 2015 at 07:06,	
GameStoreOnlineBD2,	Games/toys,	https://www.facebook.com/GameStoreOnlineBD2,	01636-185663,	6764 likes,	Tuesday 12 January 2021 at 07:28,	Tuesday 12 January 2021 at 02:01,	
Shopative,	E-commerce website · Shopping & retail · Beauty, cosmetic & personal care,	https://www.facebook.com/Shopative,	01721-194639,	1155 likes,	Monday 14 December 2020 at 02:53,	Monday 14 December 2020 at 02:50,	
godhulimart,	Shopping & retail · Product/service,	https://www.facebook.com/godhulimart,	01943-103433,	1376 likes,	Sunday 11 October 2020 at 07:54,	Saturday 3 October 2020 at 07:51,	
khanz.lifestyle.2020,	Apparel & clothing,	https://www.facebook.com/khanz.lifestyle.2020,	01858-321214,	1035 likes,	Tuesday 2 February 2021 at 04:24,	Friday 5 February 2021 at 22:14,	
SadikBhaiMart,	Product/service · Shopping service,	https://www.facebook.com/SadikBhaiMart,	01621-910698,	333 likes,	Saturday 22 August 2020 at 03:21,	Thursday 18 June 2020 at 07:48,	
onlytasviri,	Clothes shop · Design & fashion,	https://www.facebook.com/onlytasviri,	01682-261874,	5867 likes,	Wednesday 3 February 2021 at 05:55,	Wednesday 22 July 2020 at 05:46,	
sunshinecreationbd,	Women's clothes shop · Clothing (brand) · Shopping centre,	https://www.facebook.com/sunshinecreationbd,	,	80055 likes,	Friday 5 February 2021 at 23:24,	Saturday 6 February 2021 at 00:12,	
AumsAlley,	Women's clothes shop,	https://www.facebook.com/AumsAlley,	01551-818056,	36207 likes,	Friday 5 February 2021 at 15:31,	Friday 5 February 2021 at 23:11,	
pink.rain.com.bd,	Product/service,	https://www.facebook.com/pink.rain.com.bd,	,	3600 likes,	Friday 24 July 2020 at 14:06,	Saturday 26 October 2019 at 13:02,	
styledoor7,	Women's clothes shop,	https://www.facebook.com/styledoor7,	01823-851196,	128765 likes,	Friday 5 February 2021 at 11:49,	Friday 5 February 2021 at 21:23,	
lopagarments,	Apparel & clothing,	https://www.facebook.com/lopagarments,	01305-484305,	1725 likes,	Monday 1 February 2021 at 06:57,	Monday 1 February 2021 at 06:35,	
MakeoverByMaryam,	Beauty salon · Makeup artist · Business service,	https://www.facebook.com/MakeoverByMaryam,	01964-968110,	4034 likes,	,	,	
khajana.com.bd,	Product/service · E-commerce website,	https://www.facebook.com/khajana.com.bd,	01966-221166,	113841 likes,	Wednesday 3 February 2021 at 20:28,	Thursday 4 February 2021 at 10:20,	
RafaMotorsTVS,	Motorbike dealership · Motorcycle repair centre,	https://www.facebook.com/RafaMotorsTVS,	01721-442298,	518 likes,	Friday 5 February 2021 at 20:47,	Monday 6 July 2020 at 12:58,	
Fanush.shopsBD,	Shopping & retail · Design & fashion,	https://www.facebook.com/Fanush.shopsBD,	01746-235517,	1398 likes,	Thursday 7 January 2021 at 06:13,	Thursday 7 January 2021 at 06:00,	
deliciousmealbd,	Fast food restaurant · Food delivery service · Burger restaurant,	https://www.facebook.com/deliciousmealbd,	01730-467129,	467 likes,	Saturday 23 January 2021 at 09:20,	Sunday 24 January 2021 at 05:02,	
brothersgadgetacc,	Product/service,	https://www.facebook.com/brothersgadgetacc,	01728-883087,	342 likes,	Sunday 8 November 2020 at 23:57,	Saturday 7 November 2020 at 02:25,	
Everyones.fashion.collection,	Clothing (brand),	https://www.facebook.com/Everyones.fashion.collection,	01770-241800,	280 likes,	Tuesday 24 November 2020 at 21:59,	Wednesday 18 November 2020 at 00:06,	
foodgalleryofmuna,	Food and drink,	https://www.facebook.com/foodgalleryofmuna,	,	435 likes,	Monday 21 September 2020 at 06:32,	Monday 21 September 2020 at 04:24,	
migibd,	E-commerce website,	https://www.facebook.com/migibd,	01986-066157,	408 likes,	Friday 4 December 2020 at 10:45,	Saturday 14 November 2020 at 10:06,	
broadband360,	Internet service provider · Internet company,	https://www.facebook.com/broadband360,	09666-360360,	7041 likes,	Tuesday 2 February 2021 at 04:04,	Sunday 10 January 2021 at 02:13,	
BeautyMaker.com.bd,	Cosmetics shop · Beauty, cosmetic & personal care,	https://www.facebook.com/BeautyMaker.com.bd,	01689-887850,	83381 likes,	Friday 5 February 2021 at 11:02,	Thursday 26 November 2020 at 05:34,	
cateringqueens20,	Caterer · Health Food Shop · Food consultant,	https://www.facebook.com/cateringqueens20,	01759-393833,	5558 likes,	Saturday 30 January 2021 at 05:10,	Thursday 28 January 2021 at 08:03,	Wednesday 5 August 2020 at 07:38
Vairal.Bangladesh20,	,	https://www.facebook.com/Vairal.Bangladesh20,	,	4792 likes,	,	,	
cake.expo.mym,	Bakery · E-commerce website,	https://www.facebook.com/cake.expo.mym,	,	3215 likes,	Thursday 4 February 2021 at 04:30,	Thursday 4 February 2021 at 23:04,	
rainbowboutiquesbd,	Clothing (brand) · Accessories,	https://www.facebook.com/rainbowboutiquesbd,	01937-782677,	2123 likes,	Friday 5 February 2021 at 21:02,	Friday 5 February 2021 at 23:01,	
adonagrobd,	Agricultural service · Local service,	https://www.facebook.com/adonagrobd,	01305-293034,	6422 likes,	,	,	
foringcloset,	Women's clothes shop · Clothing (brand),	https://www.facebook.com/foringcloset,	01748-346081,	7688 likes,	Tuesday 2 February 2021 at 10:49,	Friday 5 February 2021 at 02:35,	
bdgaming.store,	E-commerce website,	https://www.facebook.com/bdgaming.store,	,	10705 likes,	Tuesday 12 January 2021 at 22:44,	Wednesday 21 October 2020 at 05:35,	
Agnibina.jannatliza,	Product/service,	https://www.facebook.com/Agnibina.jannatliza,	01764-631201,	1492 likes,	Thursday 4 February 2021 at 10:53,	Friday 5 February 2021 at 02:32,	
insightofict,	Tutor/teacher · Computer training school,	https://www.facebook.com/insightofict,	01757-051339,	1122 likes,	Sunday 20 December 2020 at 22:45,	Saturday 18 July 2020 at 06:06,	
Makesense.bd,	Clothing (brand) · Wholesale and supply shop,	https://www.facebook.com/Makesense.bd,	01777-807049,	39688 likes,	Saturday 30 January 2021 at 10:51,	Friday 8 November 2019 at 21:39,	
senoritadresscollections,	Women's clothes shop,	https://www.facebook.com/senoritadresscollections,	01911-235887,	151626 likes,	Thursday 26 November 2020 at 00:28,	Thursday 15 October 2020 at 07:47,	Tuesday 20 October 2020 at 07:10
Fatemakatha04,	Women's clothes shop · Beauty, cosmetic & personal care · Baby & children's clothing store,	https://www.facebook.com/Fatemakatha04,	01404-821193,	549 likes,	Monday 1 February 2021 at 00:51,	Saturday 30 January 2021 at 06:42,	
Tanvir01670391990,	Furniture,	https://www.facebook.com/Tanvir01670391990,	01670-391990,	1554 likes,	Wednesday 27 January 2021 at 06:58,	Monday 25 January 2021 at 22:33,	
HossainMart,	Shopping & retail,	https://www.facebook.com/HossainMart,	01873-792607,	3093 likes,	Sunday 31 January 2021 at 07:32,	Friday 29 January 2021 at 05:11,	
skinloung,	Beauty, cosmetic & personal care · Health/beauty,	https://www.facebook.com/skinloung,	01632-784948,	143355 likes,	Friday 5 February 2021 at 23:34,	Saturday 7 September 2019 at 06:52,	
mridha.motors,	Motorbike dealership · Motorcycle repair centre,	https://www.facebook.com/mridha.motors,	01707-495961,	1205 likes,	Friday 5 February 2021 at 22:20,	Friday 5 February 2021 at 08:14,	
axiomelectronicbd,	Television service provider · Electronics shop,	https://www.facebook.com/axiomelectronicbd,	01707-001410,	43937 likes,	Thursday 31 December 2020 at 00:29,	Thursday 31 December 2020 at 00:10,	
rizikfashionbd,	Shopping & retail · Product/service,	https://www.facebook.com/rizikfashionbd,	01680-102216,	3057 likes,	Friday 14 August 2020 at 08:08,	Tuesday 7 July 2020 at 09:25,	
Horekmaal2020,	Product/service,	https://www.facebook.com/Horekmaal2020,	01796-078349,	991 likes,	Thursday 4 February 2021 at 09:22,	Friday 5 February 2021 at 09:06,	
sonrfgroup,	Office supplies,	https://www.facebook.com/sonrfgroup,	01751-381381,	13952 likes,	,	,	
Pufaansports,	Gym/Physical fitness centre · Product/service · Sportswear shop,	https://www.facebook.com/Pufaansports,	01920-465998,	2327 likes,	Friday 24 July 2020 at 23:41,	Thursday 23 July 2020 at 23:36,	
bddimondstore,	Product/service,	https://www.facebook.com/bddimondstore,	01998-741367,	10273 likes,	Tuesday 26 January 2021 at 07:57,	Tuesday 15 December 2020 at 20:16,	
jkgallery114,	Phone/tablet,	https://www.facebook.com/jkgallery114,	01628-606345,	508 likes,	Monday 30 November 2020 at 22:45,	Monday 30 November 2020 at 20:30,	Monday 30 November 2020 at 21:23
onila123,	Business service,	https://www.facebook.com/onila123,	01675-117994,	1694 likes,	Monday 31 August 2020 at 12:55,	Monday 31 August 2020 at 13:03,	
Saimascreation.bd,	Clothing (brand),	https://www.facebook.com/Saimascreation.bd,	01673-547062,	6881 likes,	Wednesday 28 October 2020 at 23:12,	Saturday 14 December 2019 at 05:43,	
rayna.closet.ctg,	Women's clothes shop · Clothing (brand),	https://www.facebook.com/rayna.closet.ctg,	,	1587 likes,	Friday 1 January 2021 at 02:33,	Wednesday 6 January 2021 at 19:13,	Wednesday 2 December 2020 at 19:00
tanzinasgallery,	,	https://www.facebook.com/tanzinasgallery,	01978-915391,	9013 likes,	,	,	
trikonnaFashion,	Clothing (brand) · Apparel & clothing · Local service,	https://www.facebook.com/trikonnaFashion,	01923-131883,	605 likes,	Tuesday 13 October 2020 at 01:52,	Monday 12 October 2020 at 10:45,	
foodarrivebd,	Organic food shop,	https://www.facebook.com/foodarrivebd,	01719-073664,	897 likes,	Friday 29 January 2021 at 01:11,	Saturday 26 December 2020 at 07:50,	
victorgameshopbd,	Games/toys · Business service,	https://www.facebook.com/victorgameshopbd,	01518-438206,	13499 likes,	Tuesday 2 February 2021 at 11:10,	Friday 29 January 2021 at 03:22,	
VariationByNadia,	Product/service · Women's clothes shop,	https://www.facebook.com/VariationByNadia,	,	4128 likes,	Friday 5 February 2021 at 11:12,	Thursday 2 April 2020 at 06:30,	
bdnokshibari,	Home decor,	https://www.facebook.com/bdnokshibari,	01303-015507,	1177 likes,	Wednesday 3 February 2021 at 00:58,	Monday 1 February 2021 at 21:08,	
rmswardrobe2,	Shopping & retail,	https://www.facebook.com/rmswardrobe2,	01766-457411,	28236 likes,	Friday 5 February 2021 at 05:59,	Saturday 23 January 2021 at 00:49,	
FireAndForks,	Restaurant,	https://www.facebook.com/FireAndForks,	01408-486266,	11210 likes,	Wednesday 3 February 2021 at 19:56,	Friday 5 February 2021 at 08:11,	Thursday 28 January 2021 at 03:20
rokonasorb,	Women's clothes shop · Beauty, cosmetic & personal care,	https://www.facebook.com/rokonasorb,	01621-124671,	10750 likes,	Thursday 4 February 2021 at 12:20,	Friday 5 February 2021 at 05:01,	
shoilpangina01,	Arts and crafts shop · Product/service,	https://www.facebook.com/shoilpangina01,	01949-287874,	360 likes,	Friday 5 February 2021 at 00:14,	Sunday 3 January 2021 at 22:33,	
ridasfashionbd,	Women's clothes shop,	https://www.facebook.com/ridasfashionbd,	01714-390642,	114801 likes,	Saturday 30 January 2021 at 06:23,	Thursday 17 December 2020 at 01:45,	
zksfashions,	Product/service · Clothing (brand),	https://www.facebook.com/zksfashions,	01707-060325,	1053 likes,	Monday 21 December 2020 at 15:56,	Friday 24 January 2020 at 01:18,	
DaanishExpress,	Women's clothes shop · Clothing (brand),	https://www.facebook.com/DaanishExpress,	01970-380390,	11271 likes,	Friday 5 February 2021 at 01:57,	Friday 5 February 2021 at 03:06,	
taarush123,	Shopping & retail,	https://www.facebook.com/taarush123,	,	1554 likes,	Sunday 31 January 2021 at 04:04,	Sunday 31 January 2021 at 04:03,	
RanginBoson,	Clothing (brand),	https://www.facebook.com/RanginBoson,	,	1946 likes,	Thursday 16 July 2020 at 13:20,	Wednesday 8 July 2020 at 05:10,	
DurableAllInOne,	Product/service,	https://www.facebook.com/DurableAllInOne,	01309-321636,	5450 likes,	Saturday 1 August 2020 at 10:13,	Wednesday 22 July 2020 at 04:51,	
stylelevo,	Clothing (brand) · Women's clothes shop,	https://www.facebook.com/stylelevo,	01617-151992,	11282 likes,	Wednesday 1 May 2019 at 23:41,	Saturday 20 April 2019 at 11:02,	
blushndshineaccessories,	Product/service · Skincare service,	https://www.facebook.com/blushndshineaccessories,	01628-304403,	1477 likes,	Friday 5 February 2021 at 18:43,	Saturday 4 July 2020 at 08:26,	
GamersBangla,	Video games shop,	https://www.facebook.com/GamersBangla,	,	8450 likes,	Tuesday 2 February 2021 at 19:18,	Tuesday 26 January 2021 at 21:24,	
jewelleryBD24,	Design & fashion · Jewellery wholesaler · Jewellery & watches shop,	https://www.facebook.com/jewelleryBD24,	01868-890406,	1984 likes,	Friday 5 February 2021 at 23:10,	Tuesday 22 September 2020 at 08:41,	
HolyIslamCollection,	Business service,	https://www.facebook.com/HolyIslamCollection,	01826-062977,	5511 likes,	Thursday 4 February 2021 at 01:37,	Thursday 4 February 2021 at 01:08,	
pinkflammy,	Clothing (brand),	https://www.facebook.com/pinkflammy,	01554-254130,	1676 likes,	Friday 29 January 2021 at 05:51,	Tuesday 12 January 2021 at 11:44,	
styleveinbd,	Product/service · Women's clothes shop,	https://www.facebook.com/styleveinbd,	,	58334 likes,	Sunday 10 January 2021 at 08:01,	Sunday 20 December 2020 at 06:24,	
SeasonsBangladesh,	,	https://www.facebook.com/SeasonsBangladesh,	01715-550244,	,	,	,	
tehzibBangladesh,	,	https://www.facebook.com/tehzibBangladesh,	,	,	,	,	
arabeslifestyleshop,	Beauty, cosmetic & personal care · Jewellery/watches,	https://www.facebook.com/arabeslifestyleshop,	,	1544 likes,	Monday 1 February 2021 at 03:42,	Saturday 30 January 2021 at 20:42,	
mustafizcollection,	Product/service,	https://www.facebook.com/mustafizcollection,	+880 1730-151412,	3216 likes,	Tuesday 12 January 2021 at 07:37,	Sunday 24 January 2021 at 12:14,	Tuesday 12 January 2021 at 04:02
saiyaaralifestyle,	Fashion model · Clothing (brand) · Fashion designer,	https://www.facebook.com/saiyaaralifestyle,	+880 1312-819337,	12168 likes,	Saturday 24 October 2020 at 08:40,	Thursday 23 July 2020 at 07:41,	
Trendycllection,	Product/service,	https://www.facebook.com/Trendycllection,	+880 1628-661325,	773 likes,	Tuesday 2 February 2021 at 05:33,	Monday 1 February 2021 at 10:12,	
